Year,Land use,SITE,Latitude,Longitude,Address,Suburb,Local Government Area,Variable Units,Variable Value,Start Date,End Date,Average Weekday Volume,Average Weekend Volume,Weekday Peak Hour Start,Weekday Peak Hour End,Weekday Peak Volume,Weekend Peak Hour Start,Weekend Peak Hour End,Weekend Peak Volume
2006,Child Care,2006CC1,,,,ROBERTSON,Brisbane City,Childcare Spaces,75,9/05/2006,23/05/2006,,,8:00:00,9:00:00,50,,,
2006,Child Care,2006CC2,,,,ROTHWELL,Moreton Bay Regional,Childcare Spaces,74,9/05/2006,23/05/2006,,,8:15:00,9:15:00,56,,,
2006,Child Care,2006CC3,,,,OXLEY,Brisbane City,Childcare Spaces,75,9/05/2006,23/05/2006,,,8:00:00,9:00:00,49,,,
2006,Child Care,2006CC4,,,,NORTH LAKES,Moreton Bay Regional,Childcare Spaces,75,9/05/2006,23/05/2006,,,7:00:00,8:00:00,48,,,
2006,Fast Food Drive Through,2006FF1,,,,ALEXANDRA HILLS,Redland City,GLFA,419,25/05/2006,8/06/2006,,,18:15:00,19:15:00,161,,,
2006,Fast Food Drive Through,2006FF2,,,,EVERTON PARK,Brisbane City,GLFA,263,25/05/2006,8/06/2006,,,18:15:00,19:15:00,146,,,
2006,Fast Food Drive Through,2006FF3,,,,OXLEY,Brisbane City,GLFA,364,4/05/2006,18/05/2006,,,18:00:00,19:00:00,164,,,
2006,Fast Food Drive Through,2006FF4,,,,LOGAN CENTRAL,Logan City,GLFA,412,25/05/2006,8/06/2006,,,17:45:00,18:45:00,190,,,
2006,Fast Food Drive Through,2006FF5,,,,INDOOROOPILLY,Brisbane City,GLFA,542,18/05/2006,15/06/2006,,,17:30:00,18:30:00,148,,,
2006,Fast Food Drive Through,2006FF6,,,,ROCKLEA,Brisbane City,GLFA,307,18/05/2006,15/06/2006,,,16:15:00,17:15:00,105,,,
2006,Fast Food Drive Through,2006FF7,,,,TARINGA,Brisbane City,GLFA,312,18/05/2006,15/06/2006,,,18:00:00,19:00:00,122,,,
2006,Fast Food Drive Through,2006FF8,,,,KEPERRA,Moreton Bay Regional,GLFA,333,18/05/2006,15/06/2006,,,17:45:00,18:45:00,127,,,
2006,Fast Food Drive Through,2006FF9,,,,KEPERRA,Moreton Bay Regional,GLFA,316,18/05/2006,15/06/2006,,,18:00:00,19:00:00,178,,,
2006,Medical Centre,2006MD1,,,,TARINGA,Brisbane City,GLFA,2188,19/05/2006,16/06/2006,,,15:00:00,16:00:00,63,,,
2006,Medical Centre,2006MD2,,,,INDOOROOPILLY,Brisbane City,GLFA,1695,19/05/2006,16/06/2006,,,15:30:00,16:30:00,86,,,
2006,Medical Centre,2006MD3,,,,CAMP HILL,Brisbane City,GLFA,469,19/05/2006,16/06/2006,,,15:00:00,16:00:00,21,,,
2006,Medical Centre,2006MD4,,,,NEWMARKET,Brisbane City,GLFA,1147,19/05/2006,16/06/2006,,,16:15:00,17:15:00,52,,,
2006,Medical Centre,2006MD5,,,,ASPLEY,Brisbane City,GLFA,910,19/05/2006,16/06/2006,,,17:30:00,18:30:00,57,,,
2006,Medical Centre,2006MD6,,,,KEDRON,Brisbane City,GLFA,936,19/05/2006,16/06/2006,,,16:00:00,17:00:00,50,,,
2006,Retail Bulk Warehouse,2006RBW01,,,,BROWNS PLAINS,Logan City,GLFA,10280,4/05/2006,18/05/2006,,,15:30:00,16:30:00,281,,,
2006,Retail Bulk Warehouse,2006RBW02,,,,OXLEY,Brisbane City,GLFA,8506,4/05/2006,18/05/2006,,,15:15:00,16:15:00,282,,,
2006,Retail Bulk Warehouse,2006RBW03,,,,STAFFORD,Brisbane City,GLFA,10920,4/05/2006,18/05/2006,,,15:00:00,16:00:00,352,,,
2006,Retail Bulk Warehouse,2006RBW04,,,,OXLEY,Brisbane City,GLFA,5425,4/05/2006,18/05/2006,,,18:00:00,19:00:00,150,,,
2006,Retail Bulk Warehouse,2006RBW05,,,,MORAYFIELD,Moreton Bay Regional,GLFA,981,18/05/2006,15/06/2006,,,15:15:00,16:15:00,328,,,
2006,Retail Bulk Warehouse,2006RBW06,,,,ROCKLEA,Brisbane City,GLFA,10140,18/05/2006,15/06/2006,,,15:00:00,16:00:00,239,,,
2006,Retail Bulk Warehouse,2006RBW07,,,,ROCHEDALE SOUTH,Logan City,GLFA,7833,18/05/2006,15/06/2006,,,15:15:00,16:15:00,275,,,
2006,Retail Bulk Warehouse,2006RBW08,,,,CAPALABA,Redland City,GLFA,4266,18/05/2006,22/06/2006,,,17:15:00,18:15:00,67,,,
2006,Retail Bulk Warehouse,2006RBW09,,,,OXLEY,Brisbane City,GLFA,10632,18/05/2006,22/06/2006,,,16:45:00,17:45:00,94,,,
2006,Retail Bulk Warehouse,2006RBW10,,,,WINDSOR,Brisbane City,GLFA,4623,18/05/2006,15/06/2006,,,15:45:00,16:45:00,138,,,
2006,Retail Bulk Warehouse,2006RBW12,,,,KEDRON,Brisbane City,GLFA,1458,18/05/2006,15/06/2006,,,18:00:00,19:00:00,107,,,
2006,Retail Bulk Warehouse,2006RBW13,,,,SLACKS CREEK,Logan City,GLFA,1282,18/05/2006,15/06/2006,,,15:30:00,16:30:00,54,,,
2006,Retail Bulk Warehouse,2006RBW14,,,,CAPALABA,Redland City,GLFA,981,18/05/2006,15/06/2006,,,17:30:00,18:30:00,45,,,
2006,Retail Bulk Warehouse,2006RBW15,,,,LAWNTON,Moreton Bay Regional,GLFA,6566,18/05/2006,22/06/2006,,,16:45:00,17:45:00,59,,,
2006,Retirement Village,2006RV1,,,,ORMISTON,Redland City,Bedrooms,380,5/05/2006,19/05/2006,,,15:00:00,16:00:00,41,,,
2006,Retirement Village,2006RV2,,,,ALBANY CREEK,Moreton Bay Regional,Bedrooms,515,5/05/2006,19/05/2006,,,15:00:00,16:00:00,71,,,
2006,Retirement Village,2006RV3,,,,DURACK,Brisbane City,Bedrooms,691,5/05/2006,19/05/2006,,,15:00:00,16:00:00,87,,,
2006,Retirement Village,2006RV4,,,,ASPLEY,Brisbane City,Bedrooms,470,5/05/2006,19/05/2006,,,15:15:00,16:15:00,46,,,
2006,Stand Alone Supermarket,2006SAS1,,,,CHERMSIDE,Brisbane City,GLFA,1584,18/05/2006,15/06/2006,,,17:45:00,18:45:00,232,,,
2006,Stand Alone Supermarket,2006SAS2,,,,SALISBURY,Brisbane City,GLFA,1432,18/05/2006,15/06/2006,,,15:15:00,16:15:00,203,,,
2006,Stand Alone Supermarket,2006SAS3,,,,CORINDA,Brisbane City,GLFA,2932,18/05/2006,15/06/2006,,,16:45:00,17:45:00,342,,,
2006,Stand Alone Supermarket,2006SAS4,,,,MOOROOKA,Brisbane City,GLFA,4813,18/05/2006,15/06/2006,,,16:15:00,17:15:00,436,,,
2006,Shopping Centre,2006SC1,,,,KENMORE,Brisbane City,GLFA,10400,19/05/2006,16/06/2006,,,15:30:00,16:30:00,968,,,
2006,Shopping Centre,2006SC2,,,,ARANA HILLS,Moreton Bay Regional,GLFA,12726,19/05/2006,16/06/2006,,,15:30:00,16:30:00,"1,048",,,
2007,Homemaker Centre,2007HC1,,,,WINDSOR,Brisbane City,GLFA,7600,2/06/2007,9/06/2007,,,,,,12:00:00,13:00:00,336
2007,Homemaker Centre,2007HC2,,,,ASPLEY,Brisbane City,GLFA,19680,26/05/2007,2/06/2007,,,,,,11:45:00,12:45:00,571
2007,Homemaker Centre,2007HC3,,,,EVERTON PARK,Brisbane City,GLFA,13600,2/06/2007,9/06/2007,,,,,,11:30:00,12:30:00,871
2007,Homemaker Centre,2007HC4,,,,WINDSOR,Brisbane City,GLFA,16560,2/06/2007,9/06/2007,,,,,,11:30:00,12:30:00,987
2007,Homemaker Centre,2007HC5,,,,KEARNEYS SPRING,Toowoomba Regional,GLFA,4960,26/05/2007,2/06/2007,,,,,,11:30:00,12:30:00,170
2007,Medical Centre,2007MD7,,,,ROBINA,Gold Coast City,GLFA,640,23/05/2007,13/06/2007,,,15:15:00,16:15:00,53,,,
2007,Medical Centre,2007MD8,,,,BEENLEIGH,Logan City,GLFA,840,23/05/2007,13/06/2007,,,16:15:00,17:15:00,41,,,
2007,Retail Bulk Warehouse,2007RBW17,,,,VIRGINIA,Brisbane City,GLFA,8580,26/05/2007,2/06/2007,,,,,,12:00:00,13:00:00,227
2007,Retail Bulk Warehouse,2007RBW18,,,,ALBION,Brisbane City,GLFA,1445,26/05/2007,2/06/2007,,,,,,10:30:00,11:30:00,159
2007,Retail Bulk Warehouse,2007RBW19,,,,CHERMSIDE,Brisbane City,GLFA,980,26/05/2007,2/06/2007,,,,,,11:45:00,12:45:00,90
2007,Retail Bulk Warehouse,2007RBW20,,,,NUNDAH,Brisbane City,GLFA,610,26/05/2007,2/06/2007,,,,,,11:00:00,12:00:00,94
2007,Retail Bulk Warehouse,2007RBW21,,,,CHERMSIDE,Brisbane City,GLFA,1610,26/05/2007,9/06/2007,,,,,,10:00:00,11:00:00,57
2007,Retail Bulk Warehouse,2007RBW22,,,,MANSFIELD,Brisbane City,GLFA,5610,2/06/2007,2/06/2007,,,,,,10:45:00,11:45:00,616
2007,Retail Bulk Warehouse,2007RBW23,,,,VICTORIA POINT,Redland City,GLFA,5100,26/05/2007,2/06/2007,,,,,,11:00:00,12:00:00,570
2007,Retail Bulk Warehouse,2007RBW24,,,,MILTON,Brisbane City,GLFA,1520,26/05/2007,2/06/2007,,,,,,11:00:00,12:00:00,155
2007,Retail Bulk Warehouse,2007RBW25,,,,WOOLLOONGABBA,Brisbane City,GLFA,1520,26/05/2007,2/06/2007,,,,,,11:45:00,12:45:00,124
2007,Retail Bulk Warehouse,2007RBW26,,,,BRISBANE AIRPORT,Brisbane City,GLFA,17500,9/06/2007,9/06/2007,,,,,,13:00:00,14:00:00,"1,732"
2007,Retail Bulk Warehouse,2007RBW27,,,,ASPLEY,Brisbane City,GLFA,12750,9/06/2007,9/06/2007,,,,,,12:15:00,13:15:00,398
2007,Retail Bulk Warehouse,2007RBW28,,,,VIRGINIA,Brisbane City,GLFA,4080,26/05/2007,2/06/2007,,,,,,10:30:00,11:30:00,136
2007,Retail Bulk Warehouse,2007RBW29,,,,STRATHPINE,Moreton Bay Regional,GLFA,2800,2/06/2007,9/06/2007,,,,,,10:30:00,11:30:00,212
2007,Residential Cul-de-sac,2007RC1,,,,KALLANGUR,Moreton Bay Regional,Dwellings,23,22/05/2007,5/06/2007,,,9:15:00,10:15:00,13,,,
2007,Residential Cul-de-sac,2007RC2,,,,KALLANGUR,Moreton Bay Regional,Dwellings,26,22/05/2007,5/06/2007,,,8:15:00,9:15:00,15,,,
2007,Residential Cul-de-sac,2007RC3,,,,KALLANGUR,Moreton Bay Regional,Dwellings,22,22/05/2007,5/06/2007,,,7:45:00,8:45:00,13,,,
2007,Residential Cul-de-sac,2007RC4,,,,KALLANGUR,Moreton Bay Regional,Dwellings,33,22/05/2007,5/06/2007,,,9:30:00,10:30:00,18,,,
2007,Residential Cul-de-sac,2007RC5,,,,KALLANGUR,Moreton Bay Regional,Dwellings,83,22/05/2007,5/06/2007,,,8:15:00,9:15:00,23,,,
2007,Shopping Centre,2007SC03,,,,PETRIE,Moreton Bay Regional,GLFA,5000,24/05/2007,31/05/2007,,,16:15:00,17:15:00,405,,,
2007,Shopping Centre,2007SC04,,,,KALLANGUR,Moreton Bay Regional,GLFA,5000,24/05/2007,31/05/2007,,,15:30:00,16:30:00,458,,,
2007,Shopping Centre,2007SC05,,,,CABOOLTURE SOUTH,Moreton Bay Regional,GLFA,6400,31/05/2007,7/06/2007,,,16:45:00,17:45:00,535,,,
2007,Shopping Centre,2007SC06,,,,CABOOLTURE,Moreton Bay Regional,GLFA,18100,31/05/2007,7/06/2007,,,15:00:00,16:00:00,"1,131",,,
2007,Shopping Centre,2007SC07,,,,BEERWAH,Sunshine Coast Regional,GLFA,5000,31/05/2007,7/06/2007,,,16:45:00,17:45:00,665,,,
2007,Shopping Centre,2007SC08,,,,CALOUNDRA,Sunshine Coast Regional,GLFA,15700,14/06/2007,21/06/2007,,,15:30:00,16:30:00,"1,345",,,
2007,Shopping Centre,2007SC09,,,,BUDDINA,Sunshine Coast Regional,GLFA,29800,7/06/2007,21/06/2007,,,16:30:00,17:30:00,"2,368",,,
2007,Shopping Centre,2007SC10,,,,REDBANK,Ipswich City,GLFA,40200,7/06/2007,14/06/2007,,,17:00:00,18:00:00,"1,600",,,
2007,Shopping Centre,2007SC11,,,,BOOVAL,Ipswich City,GLFA,19400,7/06/2007,14/06/2007,,,15:30:00,16:30:00,"1,690",,,
2007,Shopping Centre,2007SC12,,,,BRASSALL,Ipswich City,GLFA,9600,14/06/2007,21/06/2007,,,16:45:00,17:45:00,986,,,
2007,Shopping Centre,2007SC13,,,,NEWTOWN,Toowoomba Regional,GLFA,25900,12/07/2007,19/07/2007,,,15:30:00,16:30:00,"2,062",,,
2007,Shopping Centre,2007SC14,,,,EAST TOOWOOMBA,Toowoomba Regional,GLFA,6800,12/07/2007,19/07/2007,,,16:15:00,17:15:00,728,,,
2007,Shopping Centre,2007SC15,,,,RANGEVILLE,Toowoomba Regional,GLFA,6000,12/07/2007,19/07/2007,,,17:00:00,18:00:00,469,,,
2007,Shopping Centre,2007SC16,,,,KEARNEYS SPRING,Toowoomba Regional,GLFA,9900,12/07/2007,19/07/2007,,,15:30:00,16:30:00,"1,210",,,
2007,Shopping Centre,2007SC17,,,,TOOWOOMBA CITY,Toowoomba Regional,GLFA,45800,12/07/2007,19/07/2007,,,17:00:00,18:00:00,"2,524",,,
2007,Shopping Centre,2007SC18,,,,STRATHPINE,Moreton Bay Regional,GLFA,47500,24/05/2007,31/05/2007,,,16:45:00,17:45:00,"1,056",,,
2007,Shopping Centre,2007SC19,,,,KEPERRA,Brisbane City,GLFA,18000,24/05/2007,31/05/2007,,,16:30:00,17:30:00,671,,,
2007,Shopping Centre,2007SC20,,,,MOUNT GRAVATT,Brisbane City,GLFA,10700,24/05/2007,7/06/2007,,,15:45:00,16:45:00,121,,,
2007,Shopping Centre,2007SC21,,,,MOUNT GRAVATT EAST,Brisbane City,GLFA,12400,10/07/2007,16/07/2007,"10,667","8,476",15:15:00,16:15:00,"1,219",12:00:00,13:00:00,"1,141"
2007,Shopping Centre,2007SC22,,,,BEENLEIGH,Logan City,GLFA,17600,28/05/2007,3/06/2007,"14,240","8,813",15:00:00,16:00:00,"1,481",11:00:00,12:00:00,"1,327"
2007,Shopping Centre,2007SC23,,,,SOUTHPORT,Gold Coast City,GLFA,19300,4/06/2007,10/06/2007,"11,757","9,485",15:15:00,16:15:00,"1,363",12:15:00,13:15:00,"1,293"
2007,Shopping Centre,2007SC24,,,,CAPALABA,Redland City,GLFA,33100,10/07/2007,16/07/2007,"16,066","12,122",15:15:00,16:15:00,"1,882",11:15:00,12:15:00,"1,869"
2008,Industrial Estate,2008IND01,-27.60531,153.030116,Gardens Drive,WILLAWONG,Brisbane City,Floor Area,27369,2/06/2008,8/06/2008,"1,357",162,7:45:00,8:45:00,112,16:15:00,17:15:00,18
2008,Industrial Estate,2008IND02,-27.601885,153.027543,Industrial Crescent,WILLAWONG,Brisbane City,Floor Area,51873,2/06/2008,8/06/2008,"1,231",159,14:15:00,15:15:00,89,1:00:00,2:00:00,26
2008,Industrial Estate,2008IND03,-27.595311,153.029194,Iris Place,ACACIA RIDGE,Brisbane City,Floor Area,38739,2/06/2008,8/06/2008,"1,018",84,7:30:00,8:30:00,85,5:30:00,6:30:00,7
2008,Industrial Estate,2008IND04,-27.591471,153.03024,Fox Road,ACACIA RIDGE,Brisbane City,Floor Area,74517,2/06/2008,8/06/2008,"1,506",123,7:30:00,8:30:00,160,16:00:00,17:00:00,11
2008,Industrial Estate,2008IND05,-27.440883,153.138616,Inghams Place,HEMMANT,Brisbane City,Floor Area,42219,23/06/2008,29/06/2008,"1,423",209,14:45:00,15:45:00,83,10:30:00,11:30:00,19
2008,Industrial Estate,2008IND06,-27.594483,153.036773,Overlord Place,ACACIA RIDGE,Brisbane City,Floor Area,28089,16/06/2008,22/06/2008,"2,070",280,13:15:00,14:15:00,167,11:15:00,12:15:00,37
2008,Industrial Estate,2008IND07,-27.58388,153.037651,Lysaght Street,ACACIA RIDGE,Brisbane City,Floor Area,51235,16/06/2008,22/06/2008,"3,055",470,16:30:00,17:30:00,171,5:00:00,6:00:00,58
2008,Industrial Estate,2008IND08,-27.580793,153.037863,Bellrick Street,ACACIA RIDGE,Brisbane City,Floor Area,64099,16/06/2008,22/06/2008,"2,054",232,11:45:00,12:45:00,130,11:30:00,12:30:00,20
2008,Industrial Estate,2008IND09,-27.577721,153.038725,Peterkin Street,ACACIA RIDGE,Brisbane City,Floor Area,58009,16/06/2008,22/06/2008,"2,338",421,13:15:00,14:15:00,163,9:30:00,10:30:00,29
2008,Industrial Estate,2008IND10,-27.551866,153.00312,MacBarry Place,ROCKLEA,Brisbane City,Floor Area,8806,23/06/2008,29/06/2008,804,134,15:45:00,16:45:00,50,11:45:00,12:45:00,15
2008,Industrial Estate,2008IND11,-27.585773,152.944877,Fulcrum Street,RICHLANDS,Brisbane City,Floor Area,55383,23/06/2008,29/06/2008,"1,958",208,7:45:00,8:45:00,184,5:15:00,6:15:00,24
2008,Industrial Estate,2008IND12,-27.603972,152.92936,Quindus Street,WACOL,Brisbane City,Floor Area,17771,23/06/2008,29/06/2008,"1,021",122,15:30:00,16:30:00,91,5:00:00,6:00:00,16
2008,Industrial Estate,2008IND13,-27.384812,153.089797,Armada Place,BANYO,Brisbane City,Floor Area,18339,28/07/2008,3/08/2008,869,84,15:15:00,16:15:00,79,11:30:00,12:30:00,15
2008,Industrial Estate,2008IND14,-27.644707,153.010566,Distribution Street,LARAPINTA,Brisbane City,Floor Area,83588,28/07/2008,3/08/2008,"4,101","1,968",13:00:00,14:00:00,378,13:00:00,14:00:00,202
2008,Industrial Estate,2008IND15,-27.664589,153.03313,Tradelink Road,HILLCREST,Logan City,Floor Area,23855,21/07/2008,27/07/2008,"2,777",666,15:45:00,16:45:00,290,10:45:00,11:45:00,100
2008,Industrial Estate,2008IND16,-27.435807,153.084646,Eagleview Place,EAGLE FARM,Brisbane City,Floor Area,38659,28/07/2008,3/08/2008,"1,699",164,7:45:00,8:45:00,175,11:15:00,12:15:00,27
2008,Industrial Estate,2008IND17,-27.681182,153.194393,Dulwich Street,LOGANHOLME,Logan City,Floor Area,13234,21/07/2008,27/07/2008,"1,055",190,6:45:00,7:45:00,89,11:15:00,12:15:00,21
2008,Industrial Estate,2008IND18,-27.682415,153.1947,Josephine Street,LOGANHOLME,Logan City,Floor Area,13834,21/07/2008,27/07/2008,565,93,15:15:00,16:15:00,56,12:15:00,13:15:00,13
2008,Industrial Estate,2008IND19,-27.676132,153.077334,Magnesium Drive,CRESTMEAD,Logan City,Floor Area,415293,21/07/2008,27/07/2008,"12,212","1,746",15:00:00,16:00:00,"1,021",10:30:00,11:30:00,161
2008,Shopping Centre,2008SC01,,,,FAIRFIELD,Brisbane City,GLFA,10670,16/06/2008,22/06/2008,"6,204","5,232",16:00:00,17:00:00,650,11:15:00,12:15:00,641
2008,Shopping Centre,2008SC02,,,,WOOLLOONGABBA,Brisbane City,GLFA,9400,16/06/2008,22/06/2008,"7,957","6,818",17:15:00,18:15:00,759,15:15:00,16:15:00,828
2008,Shopping Centre,2008SC03,,,,SUNNYBANK,Brisbane City,GLFA,37870,21/06/2008,27/06/2008,"20,397","18,861",15:15:00,16:15:00,"1,902",12:15:00,13:15:00,"2,303"
2008,Shopping Centre,2008SC04,,,,SUNNYBANK,Brisbane City,GLFA,9063,21/06/2008,27/06/2008,"10,533","12,236",17:45:00,18:45:00,"1,031",12:00:00,13:00:00,"1,288"
2009,Child Care,2009CC1,,,,ROBERTSON,Brisbane City,Childcare Spaces,75,5/05/2009,11/05/2009,186,8,7:45:00,8:45:00,32,9:00:00,10:00:00,2
2009,Child Care,2009CC2,,,,ROTHWELL,Moreton Bay Regional,Childcare Spaces,74,5/05/2009,11/05/2009,228,12,8:00:00,9:00:00,42,15:30:00,16:30:00,4
2009,Child Care,2009CC3,,,,OXLEY,Brisbane City,Childcare Spaces,75,5/05/2009,11/05/2009,138,3,8:15:00,9:15:00,30,6:30:00,7:30:00,3
2009,Child Care,2009CC4,,,,HENDRA,Brisbane City,Childcare Spaces,75,17/05/2009,23/05/2009,162,4,17:00:00,18:00:00,30,14:30:00,15:30:00,1
2009,Industrial Estate,2009IND01,-27.467931,153.150749,Millenium Place,TINGALPA,Brisbane City,Floor Area,24917,27/07/2009,2/08/2009,"1,395",131,12:15:00,13:15:00,138,8:30:00,9:30:00,18
2009,Industrial Estate,2009IND02,-27.320077,152.975639,Combarton Street,BRENDALE,Moreton Bay Regional,Floor Area,28004,20/07/2009,26/07/2009,"1,454",261,11:45:00,12:45:00,128,13:15:00,14:15:00,38
2009,Industrial Estate,2009IND03,-27.473574,153.107761,Proprietary Street,TINGALPA,Brisbane City,Floor Area,28603,17/08/2009,23/08/2009,"2,591",652,16:15:00,17:15:00,238,8:45:00,9:45:00,85
2009,Industrial Estate,2009IND04,-27.443954,153.129006,Londor Close,HEMMANT,Brisbane City,Floor Area,11173,27/07/2009,2/08/2009,845,84,15:00:00,16:00:00,64,11:30:00,12:30:00,13
2009,Industrial Estate,2009IND05,-27.617859,153.118609,Parramatta Road,SLACKS CREEK,Logan City,Floor Area,17654,3/08/2009,9/08/2009,870,163,11:45:00,12:45:00,79,10:15:00,11:15:00,31
2009,Industrial Estate,2009IND06,-27.667544,153.137685,Nealdon Drive,MEADOWBROOK,Logan City,Floor Area,67597,3/08/2009,9/08/2009,"3,810",536,7:45:00,8:45:00,323,11:45:00,12:45:00,50
2009,Industrial Estate,2009IND07,-27.742243,153.228255,Telford Circuit,YATALA,Gold Coast City,Floor Area,24846,15/06/2009,21/06/2009,"1,030",144,14:15:00,15:15:00,75,10:00:00,11:00:00,27
2009,Industrial Estate,2009IND08,-27.54229,153.037668,Flanders Street,SALISBURY,Brisbane City,Floor Area,15780,3/08/2009,9/08/2009,"1,304",85,15:45:00,16:45:00,92,11:15:00,12:15:00,11
2009,Industrial Estate,2009IND09,-27.618155,153.120444,Cronulla Court,SLACKS CREEK,Logan City,Floor Area,13867,3/08/2009,9/08/2009,"1,403",312,15:15:00,16:15:00,112,10:00:00,11:00:00,23
2009,Coal Mine,2009MC1,,,,BLUFF,Central Highlands Regional,Employees,318,16/06/2009,22/06/2009,649,186,5:30:00,6:30:00,74,17:30:00,18:30:00,30
2009,Coal Mine,2009MC2,,,,COMET,Central Highlands Regional,Employees,649,16/06/2009,22/06/2009,507,192,17:30:00,18:30:00,77,5:30:00,6:30:00,32
2009,Coal Mine,2009MC3,,,,BLACKWATER,Central Highlands Regional,Employees,1418,16/06/2009,22/06/2009,"1,330",712,5:45:00,6:45:00,245,5:45:00,6:45:00,148
2009,Coal Mine,2009MC4,,,,STEWARTON,Central Highlands Regional,Employees,1877,16/06/2009,22/06/2009,"1,243",606,6:15:00,7:15:00,307,6:15:00,7:15:00,173
2009,Coal Mine,2009MC5,,,,JELLINBAH,Central Highlands Regional,Employees,307,16/06/2009,22/06/2009,396,220,5:30:00,6:30:00,56,5:30:00,6:30:00,42
2009,Medical Centre,2009MD1,,,,TARINGA,Brisbane City,GLFA,2188,12/05/2009,18/05/2009,"1,013",790,15:00:00,16:00:00,88,18:15:00,19:15:00,73
2009,Medical Centre,2009MD2,,,,INDOOROOPILLY,Brisbane City,GLFA,1695,5/05/2009,11/05/2009,814,188,8:45:00,9:45:00,88,9:00:00,10:00:00,30
2009,Medical Centre,2009MD4,,,,NEWMARKET,Brisbane City,GLFA,1147,5/05/2009,11/05/2009,552,92,14:00:00,15:00:00,61,11:00:00,12:00:00,14
2009,Medical Centre,2009MD6,,,,KEDRON,Brisbane City,GLFA,937,5/05/2009,11/05/2009,"1,005",543,11:15:00,12:15:00,100,9:30:00,10:30:00,70
2009,Mineral Mine,2009MM1,,,,CHILLAGOE,Tablelands Regional,,,13/07/2009,19/07/2009,139,38,12:15:00,13:15:00,14,18:00:00,19:00:00,6
2009,Mineral Mine,2009MM3,,,,CONJUBOY,Etheridge Shire,,,13/07/2009,19/07/2009,133,102,5:00:00,6:00:00,20,17:30:00,18:30:00,20
2009,Mineral Mine,2009MM4,,,,CAMPASPE,Charters Towers Regional,,,13/07/2009,19/07/2009,204,248,1:15:00,2:15:00,20,2:15:00,3:15:00,26
2009,Office Park,2009OFF01,-27.468554,153.009364,Little Cribb Street,MILTON,Brisbane City,GLFA,28000,13/06/2009,19/06/2009,"2,639",209,8:00:00,9:00:00,349,11:00:00,12:00:00,33
2009,Office Park,2009OFF02,-27.572382,153.091388,2404 Logan Road,EIGHT MILE PLAINS,Brisbane City,GLFA,8000,22/06/2009,28/06/2009,"1,375",48,7:45:00,8:45:00,209,13:45:00,14:45:00,10
2009,Office Park,2009OFF03,-27.577349,153.097902,107 Miles Platting Road,EIGHT MILE PLAINS,Brisbane City,GLFA,15000,22/06/2009,28/06/2009,"1,784",112,16:30:00,17:30:00,317,14:45:00,15:45:00,20
2009,Office Park,2009OFF04,-27.457461,153.097598,747 Lytton Road,MURRARIE,Brisbane City,GLFA,7500,20/07/2009,26/07/2009,777,17,16:30:00,17:30:00,106,9:45:00,10:45:00,4
2009,Office Park,2009OFF05,-27.471324,153.00655,40 McDougall Street,MILTON,Brisbane City,GLFA,20772,15/06/2009,21/06/2009,"1,344",154,7:45:00,8:45:00,204,13:15:00,14:15:00,26
2009,Office Park,2009OFF06,-27.47295,153.003375,Gardner Close,MILTON,Brisbane City,GLFA,18000,15/06/2009,21/06/2009,"1,660",164,8:00:00,9:00:00,224,14:15:00,15:15:00,26
2009,Place of Worship,2009PW1,,,,EIGHT MILE PLAINS,Brisbane City,GLFA,1393,23/05/2009,29/05/2009,147,467,21:00:00,22:00:00,19,14:30:00,15:30:00,61
2009,Place of Worship,2009PW2,,,,MARSDEN,Logan City,GLFA,1763,23/05/2009,29/05/2009,94,47,14:45:00,15:45:00,40,16:45:00,17:45:00,8
2009,Place of Worship,2009PW3,,,,PRIESTDALE,Logan City,GLFA,3764,23/05/2009,29/05/2009,115,556,12:30:00,13:30:00,22,12:15:00,13:15:00,119
2009,Place of Worship,2009PW4,,,,DEAGON,Brisbane City,GLFA,3213,23/05/2009,29/05/2009,96,108,10:30:00,11:30:00,14,10:00:00,11:00:00,21
2009,Service Station,2009SS1,,,,MORAYFIELD,Moreton Bay Regional,GLFA,3521,9/05/2009,15/05/2009,"8,457","9,278",13:30:00,14:30:00,584,10:00:00,11:00:00,754
2009,Service Station,2009SS2,,,,BURPENGARY EAST,Moreton Bay Regional,GLFA,3246,9/05/2009,15/05/2009,"7,228","7,773",9:00:00,10:00:00,535,13:00:00,14:00:00,648
2009,Service Station,2009SS3,,,,CARSELDINE,Brisbane City,GLFA,1772,9/05/2009,15/05/2009,"6,061","5,938",15:00:00,16:00:00,423,11:45:00,12:45:00,481
2009,Service Station,2009SS4,,,,STAPYLTON,Logan City,GLFA,2273,9/05/2009,15/05/2009,"7,757","8,541",12:30:00,13:30:00,577,10:00:00,11:00:00,666
2009,Service Station,2009SS5,,,,UPPER COOMERA,Gold Coast City,GLFA,2396,9/05/2009,15/05/2009,"9,687","10,346",5:30:00,6:30:00,759,10:30:00,11:30:00,737
2009,Service Station,2009SS6,,,,COLLEGE VIEW,Gatton Shire,GLFA,796,9/05/2009,15/05/2009,"4,972","5,657",13:30:00,14:30:00,355,10:00:00,11:00:00,437
2009,Taverns and Bottle Shops,2009TB01,,,,TOOWONG,Brisbane City,GLFA,1454,9/06/2009,15/06/2009,"1,587","2,189",17:45:00,18:45:00,193,16:45:00,17:45:00,254
2009,Taverns and Bottle Shops,2009TB02,,,,THE GAP,Brisbane City,GLFA,2116,12/06/2009,18/06/2009,702,707,16:45:00,17:45:00,96,17:15:00,18:15:00,91
2009,Taverns and Bottle Shops,2009TB03,,,,EAST BRISBANE,Brisbane City,GLFA,2034,9/06/2009,15/06/2009,"1,943","2,615",16:15:00,17:15:00,254,15:45:00,16:45:00,315
2009,Taverns and Bottle Shops,2009TB04,,,,TOOWONG,Brisbane City,GLFA,174,11/06/2009,17/06/2009,309,342,17:30:00,18:30:00,55,16:45:00,17:45:00,70
2009,Taverns and Bottle Shops,2009TB05,,,,ASPLEY,Brisbane City,GLFA,886,10/06/2009,16/06/2009,759,869,16:30:00,17:30:00,93,17:15:00,18:15:00,105
2009,Taverns and Bottle Shops,2009TB06,,,,BOONDALL,Brisbane City,GLFA,1298,24/07/2009,30/07/2009,"1,565","1,440",16:00:00,17:00:00,201,17:15:00,18:15:00,147
2009,Taverns and Bottle Shops,2009TB07,,,,CABOOLTURE SOUTH,Moreton Bay Regional,GLFA,4606,18/06/2009,24/06/2009,"2,930","2,648",16:15:00,17:15:00,312,15:30:00,16:30:00,304
2009,Taverns and Bottle Shops,2009TB08,,,,KANGAROO POINT,Brisbane City,GLFA,1918,12/06/2009,18/06/2009,434,456,18:45:00,19:45:00,43,17:15:00,18:15:00,65
2009,Taverns and Bottle Shops,2009TB09,,,,SUNNYBANK HILLS,Brisbane City,GLFA,3684,18/05/2009,24/05/2009,"1,517","1,706",16:45:00,17:45:00,185,17:00:00,18:00:00,196
2009,Taverns and Bottle Shops,2009TB10,,,,WYNNUM,Brisbane City,GLFA,828,10/06/2009,16/06/2009,"1,253","1,281",17:00:00,18:00:00,185,16:30:00,17:30:00,196
2009,Taverns and Bottle Shops,2009TB12,,,,SUMNER,Brisbane City,GLFA,3704,11/06/2009,17/06/2009,"2,229","2,468",16:45:00,17:45:00,291,16:30:00,17:30:00,310
2009,Taverns and Bottle Shops,2009TB13,,,,KEDRON,Brisbane City,GLFA,1524,10/06/2009,16/06/2009,798,808,17:45:00,18:45:00,91,18:15:00,19:15:00,87
2010,Child Care,2010CC1,,,,KENMORE,Brisbane City,Childcare Spaces,72,4/10/2010,10/10/2010,220,0,8:00:00,9:00:00,50,,,
2010,Child Care,2010CC2,,,,ANNERLEY,Brisbane City,Childcare Spaces,72,4/10/2010,10/10/2010,262,0,8:00:00,9:00:00,53,,,
2010,Child Care,2010CC3,,,,EIGHT MILE PLAINS,Brisbane City,Childcare Spaces,72,4/10/2010,10/10/2010,271,30,7:45:00,8:45:00,52,18:30:00,19:30:00,8
2010,Child Care,2010CC4,,,,BOONDALL,Brisbane City,Childcare Spaces,72,4/10/2010,10/10/2010,265,2,16:00:00,17:00:00,53,11:30:00,12:30:00,2
2010,Child Care,2010CC5,,,,NEW FARM,Brisbane City,Childcare Spaces,48,4/10/2010,10/10/2010,80,24,17:00:00,18:00:00,15,5:30:00,6:30:00,4
2010,Child Care,2010CC6,,,,THE RANGE,Rockhampton Regional,Childcare Spaces,72,22/11/2010,28/11/2010,253,2,8:00:00,9:00:00,58,9:00:00,10:00:00,2
2010,Child Care,2010CC7,,,,BARGARA,Bundaberg Regional,Childcare Spaces,72,22/11/2010,28/11/2010,222,4,8:00:00,9:00:00,46,8:00:00,9:00:00,1
2010,Child Care,2010CC8,,,,THABEBAN,Bundaberg Regional,Childcare Spaces,72,22/11/2010,28/11/2010,204,2,8:00:00,9:00:00,47,10:00:00,11:00:00,2
2010,Child Care,2010CC9,,,,FRENCHVILLE,Rockhampton Regional,Childcare Spaces,72,22/11/2010,28/11/2010,297,6,8:00:00,9:00:00,65,10:30:00,11:30:00,2
2010,Homemaker Centre,2010HC1,,,,UNDERWOOD,Logan City,GLFA,8413,24/11/2010,30/11/2010,"1,969","1,853",17:00:00,18:00:00,180,11:00:00,12:00:00,247
2010,Homemaker Centre,2010HC2,,,,CANNON HILL,Brisbane City,GLFA,19732,24/11/2010,30/11/2010,"11,045","13,087",10:15:00,11:15:00,"1,073",10:30:00,11:30:00,"1,726"
2010,Homemaker Centre,2010HC3,,,,NORMAN GARDENS,Rockhampton Regional,GLFA,21808,22/11/2010,28/11/2010,"6,683","5,422",15:00:00,16:00:00,701,11:00:00,12:00:00,892
2010,Homemaker Centre,2010HC4,,,,BALD HILLS,Brisbane City,GLFA,11303,24/11/2010,30/11/2010,"6,761","8,422",10:45:00,11:45:00,688,11:00:00,12:00:00,"1,222"
2010,High Rise Residential,2010HR1,,,,AUCHENFLOWER,Brisbane City,Bedrooms,82,13/09/2010,19/09/2010,157,151,7:45:00,8:45:00,13,12:30:00,13:30:00,17
2010,High Rise Residential,2010HR2,,,,TOOWONG,Brisbane City,Bedrooms,423,13/09/2010,19/09/2010,437,402,17:30:00,18:30:00,43,17:00:00,18:00:00,36
2010,High Rise Residential,2010HR3,,,,ST LUCIA,Brisbane City,Bedrooms,108,13/09/2010,19/09/2010,148,93,8:00:00,9:00:00,17,10:00:00,11:00:00,10
2010,High Rise Residential,2010HR4,,,,NEW FARM,Brisbane City,Bedrooms,52,13/09/2010,19/09/2010,157,104,17:45:00,18:45:00,17,12:00:00,13:00:00,14
2010,High Rise Residential,2010HR5,,,,ST LUCIA,Brisbane City,Bedrooms,54,13/09/2010,19/09/2010,51,52,13:15:00,14:15:00,5,11:00:00,12:00:00,7
2010,Residential Estate,2010RES1,,,,BARGARA,Bundaberg Regional,Dwellings,24,22/11/2010,28/11/2010,116,99,7:00:00,8:00:00,15,9:45:00,10:45:00,15
2010,Residential Estate,2010RES2,,,,BARGARA,Bundaberg Regional,Dwellings,104,22/11/2010,28/11/2010,603,560,7:30:00,8:30:00,64,8:45:00,9:45:00,57
2010,Retirement Village,2010RV01,,,,CLEVELAND,Redland City,Bedrooms,149,13/08/2010,19/08/2010,202,126,8:30:00,9:30:00,26,11:00:00,12:00:00,23
2010,Retirement Village,2010RV02,,,,NORTH LAKES,Moreton Bay Regional,Bedrooms,388,13/08/2010,19/08/2010,699,560,9:45:00,10:45:00,85,10:15:00,11:15:00,71
2010,Retirement Village,2010RV03,,,,UPPER MOUNT GRAVATT,Brisbane City,Bedrooms,181,13/08/2010,19/08/2010,252,252,12:45:00,13:45:00,31,9:30:00,10:30:00,48
2010,Retirement Village,2010RV04,,,,SUNNYBANK,Brisbane City,Bedrooms,96,13/08/2010,19/08/2010,116,74,9:15:00,10:15:00,13,12:15:00,13:15:00,10
2010,Retirement Village,2010RV05,,,,KIPPA-RING,Moreton Bay Regional,Bedrooms,104,13/08/2010,19/08/2010,317,259,11:15:00,12:15:00,38,11:30:00,12:30:00,32
2010,Retirement Village,2010RV06,,,,ROBERTSON,Brisbane City,Bedrooms,94,13/08/2010,19/08/2010,154,106,9:00:00,10:00:00,21,11:00:00,12:00:00,16
2010,Retirement Village,2010RV07,,,,ROBERTSON,Brisbane City,Bedrooms,75,13/08/2010,19/08/2010,256,179,10:45:00,11:45:00,33,10:45:00,11:45:00,27
2010,Retirement Village,2010RV08,,,,YEPPOON,Livingstone Regional,Bedrooms,192,17/11/2010,23/11/2010,728,486,9:15:00,10:15:00,85,11:45:00,12:45:00,55
2010,Retirement Village,2010RV09,,,,BARGARA,Bundaberg Regional,Bedrooms,679,22/11/2010,28/11/2010,669,458,8:45:00,9:45:00,83,10:00:00,11:00:00,64
2010,Retirement Village,2010RV10,,,,BUNDABERG EAST,Bundaberg Regional,Bedrooms,124,22/11/2010,28/11/2010,272,204,10:30:00,11:30:00,35,11:00:00,12:00:00,26
2010,Retirement Village,2010RV11,,,,BUNDABERG NORTH,Bundaberg Regional,Bedrooms,311,22/11/2010,28/11/2010,860,640,8:45:00,9:45:00,96,9:30:00,10:30:00,79
2010,Retirement Village,2010RV12,,,,ACACIA RIDGE,Brisbane City,Bedrooms,36,13/08/2010,19/08/2010,187,124,13:15:00,14:15:00,23,10:45:00,11:45:00,20
2010,Stand Alone Supermarket,2010SAS5,,,,COORPAROO,Brisbane City,GLFA,2352,1/11/2010,7/11/2010,"4,873","4,944",17:00:00,18:00:00,565,10:15:00,11:15:00,562
2010,Taverns and Bottle Shops,2010TB01,,,,EIGHT MILE PLAINS,Brisbane City,GLFA,2703,30/11/2010,6/12/2010,"1,399","1,656",18:00:00,19:00:00,163,18:00:00,19:00:00,148
2010,Taverns and Bottle Shops,2010TB02,,,,LOGAN CENTRAL,Logan City,GLFA,2062,23/07/2010,29/07/2010,"1,271","1,368",17:15:00,18:15:00,117,18:45:00,19:45:00,146
2010,Taverns and Bottle Shops,2010TB03,,,,TARANGANBA,Livingstone Shire,GLFA,2169,22/11/2010,28/11/2010,922,"1,212",16:00:00,17:00:00,111,17:45:00,18:45:00,134
2010,Taverns and Bottle Shops,2010TB04,,,,BARGARA,Bundaberg Regional,GLFA,1142,22/11/2010,28/11/2010,370,479,17:15:00,18:15:00,47,17:00:00,18:00:00,57
2010,Taverns and Bottle Shops,2010TB05,,,,MOUNT GRAVATT,Brisbane City,GLFA,1478,24/07/2010,30/07/2010,846,821,17:30:00,18:30:00,102,16:30:00,17:30:00,110
2010,Taverns and Bottle Shops,2010TB06,,,,HOLLAND PARK WEST,Brisbane City,GLFA,2021,24/07/2010,30/07/2010,"2,561","2,788",16:45:00,17:45:00,348,16:00:00,17:00:00,359
2010,Taverns and Bottle Shops,2010TB07,,,,SUNNYBANK,Brisbane City,GLFA,2835,23/07/2010,29/07/2010,"2,845","3,157",15:30:00,16:30:00,285,17:15:00,18:15:00,317
2010,Taverns and Bottle Shops,2010TB08,,,,DURACK,Brisbane City,GLFA,1520,23/07/2010,29/07/2010,872,906,16:00:00,17:00:00,118,16:45:00,17:45:00,109
2010,Taverns and Bottle Shops,2010TB09,,,,ASHMORE,Gold Coast City,GLFA,1178,6/09/2010,12/09/2010,"1,685","1,711",16:00:00,17:00:00,213,14:30:00,15:30:00,188
2010,Taverns and Bottle Shops,2010TB10,,,,BIGGERA WATERS,Gold Coast City,GLFA,2309,6/09/2010,12/09/2010,"1,012","1,103",16:00:00,17:00:00,124,12:00:00,13:00:00,131
2010,Taverns and Bottle Shops,2010TB11,,,,MERMAID WATERS,Gold Coast City,GLFA,5409,6/09/2010,12/09/2010,"3,374","4,134",16:00:00,17:00:00,426,16:45:00,17:45:00,472
2010,Taverns and Bottle Shops,2010TB12,,,,HELENSVALE,Gold Coast City,GLFA,1784,6/09/2010,12/09/2010,"1,152",961,16:00:00,17:00:00,123,16:45:00,17:45:00,114
2011,Funeral Directors,2011FD8,,,,WEST END,Townsville City,GLFA,1950,2/06/2011,8/06/2011,289,31,10:15:00,11:15:00,45,10:15:00,11:15:00,5
2011,Funeral Directors,2011FD9,,,,BUNGALOW,Cairns Regional,GLFA,584,14/05/2015,20/05/2015,48,32,11:00:00,12:00:00,7,10:45:00,11:45:00,10
2011,Fast Food Drive Through,2011FF01,,,,BURLEIGH HEADS,Gold Coast City,GLFA,733,8/04/2011,14/04/2011,"2,184","2,986",8:00:00,9:00:00,137,9:15:00,10:15:00,236
2011,Fast Food Drive Through,2011FF02,,,,TUGUN,Gold Coast City,GLFA,593,31/03/2011,6/04/2011,"1,515","1,900",12:30:00,13:30:00,127,13:45:00,14:45:00,175
2011,Fast Food Drive Through,2011FF03,,,,LABRADOR,Gold Coast City,GLFA,498,8/04/2011,14/04/2011,761,942,17:45:00,18:45:00,115,18:30:00,19:30:00,123
2011,Fast Food Drive Through,2011FF04,,,,EVERTON PARK,Brisbane City,GLFA,800,27/05/2011,2/06/2011,859,924,18:15:00,19:15:00,106,18:15:00,19:15:00,119
2011,Fast Food Drive Through,2011FF05,,,,BOOVAL,Ipswich City,GLFA,312,27/05/2011,2/06/2011,"1,849","2,018",12:00:00,13:00:00,176,12:15:00,13:15:00,200
2011,Fast Food Drive Through,2011FF06,,,,BOOVAL,Ipswich City,GLFA,540,3/06/2011,9/06/2011,"1,154","1,207",17:45:00,18:45:00,147,17:00:00,18:00:00,171
2011,Fast Food Drive Through,2011FF07,,,,AITKENVALE,Townsville City,GLFA,739,24/05/2011,30/05/2011,"3,551","3,448",7:30:00,8:30:00,249,12:15:00,13:15:00,252
2011,Fast Food Drive Through,2011FF08,,,,MUNDINGBURRA,Townsville City,GLFA,541,2/06/2011,8/06/2011,"1,397","1,463",12:15:00,13:15:00,139,12:00:00,13:00:00,142
2011,Fast Food Drive Through,2011FF09,,,,THURINGOWA CENTRAL,Townsville City,GLFA,340,24/05/2011,30/05/2011,"2,009","1,387",18:00:00,19:00:00,186,12:00:00,13:00:00,242
2011,Fast Food Drive Through,2011FF10,,,,CURRAJONG,Townsville City,GLFA,287,2/06/2011,8/06/2011,"2,214","2,262",7:45:00,8:45:00,315,9:30:00,10:30:00,354
2011,Fast Food Drive Through,2011FF11,,,,GARBUTT,Townsville City,GLFA,631,2/06/2011,8/06/2011,779,276,12:15:00,13:15:00,108,12:00:00,13:00:00,88
2011,Fast Food Drive Through,2011FF12,,,,THURINGOWA CENTRAL,Townsville City,GLFA,419,2/06/2011,8/06/2011,"2,988","1,834",7:45:00,8:45:00,215,8:30:00,9:30:00,258
2011,Medical Centre,2011MD1,,,,MUNDINGBURRA,Townsville City,GLFA,351,24/05/2011,30/05/2011,155,30,9:30:00,10:30:00,24,11:00:00,12:00:00,8
2011,Medical Centre,2011MD2,,,,CAIRNS NORTH,Cairns Regional,GLFA,300,5/05/2011,11/05/2011,86,5,10:30:00,11:30:00,13,14:00:00,15:00:00,2
2011,Medical Centre,2011MD3,,,,PARRAMATTA PARK,Cairns Regional,GLFA,638,5/05/2011,11/05/2011,200,50,14:30:00,15:30:00,24,10:00:00,11:00:00,14
2011,Medical Centre,2011MD4,,,,WOREE,Cairns Regional,GLFA,294,14/05/2011,20/05/2011,203,23,9:15:00,10:15:00,28,9:15:00,10:15:00,8
2011,Medical Centre,2011MD5,,,,BURLEIGH HEADS,Gold Coast City,GLFA,298,14/06/2011,20/06/2011,141,56,7:45:00,8:45:00,18,9:30:00,10:30:00,11
2011,Place of Worship,2011PW01,,,,FORESTDALE,Logan City,GLFA,1561,23/03/2011,29/03/2011,37,118,10:30:00,11:30:00,6,12:00:00,13:00:00,21
2011,Place of Worship,2011PW02,,,,DURACK,Brisbane City,GLFA,1597,14/03/2011,20/03/2011,16,58,15:15:00,16:15:00,4,11:00:00,12:00:00,12
2011,Place of Worship,2011PW03,,,,WILLAWONG,Brisbane City,GLFA,673,7/04/2011,13/04/2011,102,243,8:30:00,9:30:00,37,8:45:00,9:45:00,62
2011,Place of Worship,2011PW04,,,,MANUNDA,Cairns Regional,GLFA,1120,5/05/2011,11/05/2011,50,90,11:15:00,12:15:00,6,10:45:00,11:45:00,16
2011,Place of Worship,2011PW05,,,,MANUNDA,Cairns Regional,GLFA,876,5/05/2011,11/05/2011,99,220,18:45:00,19:45:00,28,15:15:00,16:15:00,57
2011,Place of Worship,2011PW06,,,,REEDY CREEK,Gold Coast City,GLFA,2234,11/05/2011,17/05/2011,184,364,18:15:00,19:15:00,37,8:30:00,9:30:00,113
2011,Place of Worship,2011PW07,,,,ROBINA,Gold Coast City,GLFA,4249,8/04/2011,14/04/2011,757,725,8:45:00,9:45:00,83,10:00:00,11:00:00,133
2011,Place of Worship,2011PW08,,,,KARAWATHA,Brisbane City,GLFA,2467,7/04/2011,13/04/2011,198,459,6:00:00,7:00:00,41,13:00:00,14:00:00,90
2011,Place of Worship,2011PW09,,,,DURACK,Brisbane City,GLFA,858,7/04/2011,13/04/2011,168,262,8:45:00,9:45:00,69,14:30:00,15:30:00,58
2011,Place of Worship,2011PW10,,,,IPSWICH,Ipswich City,GLFA,848,3/06/2011,9/06/2011,40,120,21:15:00,22:15:00,19,17:15:00,18:15:00,26
2011,Place of Worship,2011PW11,,,,RIPLEY,Ipswich City,GLFA,2036,27/05/2011,2/06/2011,178,265,18:15:00,19:15:00,38,8:15:00,9:15:00,53
2011,Retirement Village,2011RV1,,,,CRANBROOK,Townsville City,Bedrooms,93,24/05/2011,30/05/2011,282,208,10:30:00,11:30:00,35,11:30:00,12:30:00,32
2011,Retirement Village,2011RV2,,,,CRANBROOK,Townsville City,Bedrooms,49,24/05/2011,30/05/2011,131,84,9:00:00,10:00:00,17,13:00:00,14:00:00,12
2011,Retirement Village,2011RV3,,,,HEATLEY,Townsville City,Bedrooms,133,24/05/2011,30/05/2011,459,308,8:45:00,9:45:00,53,11:00:00,12:00:00,40
2011,Retirement Village,2011RV4,,,,HELENSVALE,Gold Coast City,Bedrooms,114,31/03/2011,6/04/2011,362,231,11:00:00,12:00:00,43,11:15:00,12:15:00,33
2011,Retirement Village,2011RV5,,,,CLEAR ISLAND WATERS,Gold Coast City,Bedrooms,129,27/05/2011,2/06/2011,332,208,10:45:00,11:45:00,45,11:30:00,12:30:00,30
2011,Retirement Village,2011RV6,,,,ASHMORE,Gold Coast City,Bedrooms,119,3/06/2011,9/06/2011,299,194,9:00:00,10:00:00,41,10:45:00,11:45:00,28
2011,Stand Alone Supermarket,2011SAS6,,,,GORDONVALE,Cairns Regional,GLFA,1587,14/05/2011,20/05/2011,"2,403","2,405",16:00:00,17:00:00,261,20:30:00,17:30:00,243
2011,Service Station,2011SS1,,,,WOODRIDGE,Logan City,GLFA,332,14/03/2011,20/03/2011,"2,163","1,430",5:30:00,6:30:00,156,9:45:00,10:45:00,121
2011,Service Station,2011SS2,,,,SUNNYBANK HILLS,Brisbane City,GLFA,542,14/03/2011,20/03/2011,"1,160",918,15:00:00,16:00:00,93,9:15:00,10:15:00,70
2011,Service Station,2011SS3,,,,MACGREGOR,Brisbane City,GLFA,529,23/03/2011,29/03/2011,"1,720","1,726",14:45:00,15:45:00,117,14:15:00,15:15:00,133
2011,Service Station,2011SS4,,,,ELANORA,Gold Coast City,GLFA,793,8/04/2011,14/04/2011,"1,269","1,418",7:45:00,8:45:00,125,10:00:00,11:00:00,143
2011,Taverns and Bottle Shops,2011TB101,,,,CAIRNS NORTH,Cairns Regional,GLFA,2975,5/05/2011,11/05/2011,868,806,17:00:00,18:00:00,131,16:45:00,17:45:00,93
2011,Taverns and Bottle Shops,2011TB102,,,,SHAW,Townsville City,GLFA,3195,2/06/2011,8/06/2011,"1,326","1,208",16:15:00,17:15:00,204,12:30:00,13:30:00,127
2011,Taverns and Bottle Shops,2011TB103,,,,KIRWAN,Townsville City,GLFA,2749,24/05/2011,30/05/2011,"1,622","1,822",16:30:00,17:30:00,192,11:15:00,12:15:00,205
2011,Taverns and Bottle Shops,2011TB104,,,,BUNGALOW,Cairns Regional,GLFA,2230,15/05/2011,21/05/2011,"1,077",652,16:00:00,17:00:00,145,11:45:00,12:45:00,76
2011,Taverns and Bottle Shops,2011TB105,,,,WOREE,Cairns Regional,GLFA,2013,15/05/2011,21/05/2011,733,718,16:15:00,17:15:00,91,15:30:00,16:30:00,75
2011,Taverns and Bottle Shops,2011TB106,,,,YAMANTO,Ipswich City,GLFA,1868,3/06/2011,9/06/2011,538,579,16:45:00,17:45:00,67,11:45:00,12:45:00,65
2011,Taverns and Bottle Shops,2011TB107,,,,THE GAP,Brisbane City,GLFA,2898,6/06/2011,12/06/2011,601,628,17:15:00,18:15:00,89,17:00:00,18:00:00,81
2015,Hospital,2015HP1,,,,COOPERS PLAINS,Brisbane City,Beds,181,27/04/2015,14/06/2015,"4,981","2,144",7:45:00,8:45:00,554,14:45:00,15:45:00,208
2015,Hospital,2015HP2,,,,MEADOWBROOK,Logan City,Beds,316,27/04/2015,14/06/2015,"6,122","3,654",13:45:00,14:45:00,603,13:45:00,14:45:00,369
2015,Hospital,2015HP3,,,,TUGUN,Gold Coast City,Beds,345,1/03/2015,7/03/2015,"5,819","2,048",10:15:00,11:15:00,499,12:15:00,13:15:00,215
2015,Hospital,2015HP4,,,,CABOOLTURE,Moreton Bay Regional,Beds,250,12/03/2015,18/03/2015,"5,457","2,176",7:15:00,8:15:00,511,15:00:00,16:00:00,203
2015,Retirement Village,2015RV1,,,,MAROOCHYDORE,Sunshine Coast Regional,Bedrooms,240,23/03/2015,29/03/2015,684,475,9:00:00,10:00:00,87,9:45:00,10:45:00,57
2015,Retirement Village,2015RV2,,,,BLI BLI,Sunshine Coast Regional,Bedrooms,204,23/03/2015,29/03/2015,627,489,10:00:00,11:00:00,77,10:45:00,11:45:00,65
2015,Retirement Village,2015RV3,,,,BUDERIM,Sunshine Coast Regional,Bedrooms,230,23/03/2015,29/03/2015,295,184,10:30:00,11:30:00,39,10:45:00,11:45:00,25
2015,Retirement Village,2015RV4,,,,MERIDAN PLAINS,Sunshine Coast Regional,Bedrooms,342,23/03/2015,29/03/2015,456,340,11:45:00,12:45:00,56,10:30:00,11:30:00,47
2015,Retirement Village,2015RV5,,,,BUDERIM,Sunshine Coast Regional,Bedrooms,472,23/03/2015,29/03/2015,549,422,11:00:00,12:00:00,63,10:45:00,11:45:00,51
2015,Retirement Village,2015RV6,,,,HELENSVALE,Gold Coast City,Bedrooms,164,1/03/2015,7/03/2015,407,279,10:30:00,11:30:00,49,10:45:00,11:45:00,34
2015,Retirement Village,2015RV7,,,,ALBANY CREEK,Moreton Bay Regional,Bedrooms,656,16/03/2015,22/03/2015,934,620,9:15:00,10:15:00,113,11:15:00,12:15:00,76
2015,Retirement Village,2015RV8,,,,ASPLEY,Brisbane City,Bedrooms,396,12/03/2015,18/03/2015,532,395,11:00:00,12:00:00,58,11:15:00,12:15:00,50
2015,Retirement Village,2015RV9,,,,HELENSVALE,Gold Coast City,Bedrooms,114,1/03/2015,7/03/2015,281,223,9:00:00,10:00:00,37,12:00:00,13:00:00,29
2015,Stand Alone Supermarket,2015SAS1,,,,SANDGATE,Brisbane City,GLFA,1907,23/03/2015,29/03/2015,"1,547","1,237",15:15:00,16:15:00,172,10:45:00,11:45:00,178
2015,Stand Alone Supermarket,2015SAS2,,,,KELVIN GROVE,Brisbane City,GLFA,1460,27/04/2015,14/06/2015,"1,537","1,441",15:45:00,16:45:00,154,12:15:00,13:15:00,181
2015,Stand Alone Supermarket,2015SAS3,,,,LABRADOR,Gold Coast City,GLFA,1613,1/03/2015,7/03/2015,"2,640","2,832",16:45:00,17:45:00,304,11:00:00,12:00:00,350
2015,Stand Alone Supermarket,2015SAS4,,,,BONGAREE,Moreton Bay Regional,GLFA,1744,12/03/2015,18/03/2015,"1,903","1,939",11:15:00,12:15:00,243,10:45:00,11:45:00,263
2015,Tourist Attraction,2015TA1,,,,OXENFORD,Gold Coast City,Land Area,707705,1/03/2015,7/03/2015,"3,732","4,302",9:45:00,10:45:00,521,9:45:00,10:45:00,652
2015,Tourist Attraction,2015TA2,,,,OXENFORD,Gold Coast City,Land Area,707705,1/03/2015,7/03/2015,"2,763","4,503",9:45:00,10:45:00,395,9:45:00,10:45:00,641
2015,Tourist Attraction,2015TA3,,,,COOMERA,Gold Coast City,Land Area,520485,1/03/2015,7/03/2015,"3,412","4,876",10:00:00,11:00:00,601,10:00:00,11:00:00,814
2015,Tourist Attraction,2015TA4,,,,BEERWAH,Sunshine Coast Regional,Land Area,288295,24/03/2015,30/03/2015,"1,523","1,755",16:45:00,17:45:00,185,9:15:00,10:15:00,245
2015,Taverns and Bottle Shops,2015TB1,,,,SOUTHPORT,Gold Coast City,GLFA,2155,1/03/2015,7/03/2015,724,602,16:45:00,17:45:00,91,16:00:00,17:00:00,69
2015,Taverns and Bottle Shops,2015TB2,,,,NERANG,Gold Coast City,GLFA,1500,1/03/2015,7/03/2015,801,654,14:45:00,15:45:00,110,14:45:00,15:45:00,67
2015,Taverns and Bottle Shops,2015TB3,,,,BIGGERA WATERS,Gold Coast City,GLFA,3610,1/03/2015,7/03/2015,"2,387","2,526",16:00:00,17:00:00,303,17:15:00,18:15:00,282
2015,Taverns and Bottle Shops,2015TB4,,,,CAPALABA,Redland City,GLFA,2005,27/04/2015,14/06/2015,691,985,16:15:00,17:15:00,85,12:30:00,13:30:00,116
2015,Taverns and Bottle Shops,2015TB5,,,,ALEXANDRA HILLS,Redland City,GLFA,3245,27/04/2015,14/06/2015,997,"1,390",17:15:00,18:15:00,97,2:30:00,3:30:00,141
2015,Taverns and Bottle Shops,2015TB6,,,,CAPALABA,Redland City,GLFA,3174,10/05/2015,16/05/2015,"1,696","2,008",15:45:00,16:45:00,228,13:15:00,14:15:00,236
2015,Hardware and Trade Supplies,2015WH01,,,,ROCKLEA,Brisbane City,GLFA,14568,27/04/2014,15/06/2015,"4,716","4,806",11:30:00,12:30:00,525,11:30:00,12:30:00,692
2015,Hardware and Trade Supplies,2015WH02,,,,MANSFIELD,Brisbane City,GLFA,8918,27/04/2014,15/06/2015,"3,990","4,765",10:45:00,11:45:00,413,11:30:00,12:30:00,670
2015,Hardware and Trade Supplies,2015WH03,,,,NOOSAVILLE,Noosa Shire,GLFA,8309,24/03/2015,30/03/2015,"4,192","4,183",10:45:00,11:45:00,525,11:00:00,12:00:00,661
2015,Hardware and Trade Supplies,2015WH04,,,,BROWNS PLAINS,Logan City,GLFA,12722,27/04/2015,14/06/2015,"4,531","5,696",10:30:00,11:30:00,491,11:30:00,12:30:00,910
2015,Hardware and Trade Supplies,2015WH05,,,,ROTHWELL,Moreton Bay Regional,GLFA,13933,14/03/2015,20/03/2015,"4,085","4,796",10:45:00,11:45:00,492,10:30:00,11:30:00,748
2015,Hardware and Trade Supplies,2015WH06,,,,STAFFORD,Brisbane City,GLFA,13152,9/06/2015,15/06/2015,"6,105","7,474",10:45:00,11:45:00,669,11:15:00,12:15:00,"1,056"
2015,Hardware and Trade Supplies,2015WH07,,,,NORTH LAKES,Moreton Bay Regional,GLFA,20099,12/03/2015,18/03/2015,"2,460","3,402",11:45:00,12:45:00,248,11:00:00,12:00:00,498
2015,Hardware and Trade Supplies,2015WH08,,,,MORAYFIELD,Moreton Bay Regional,GLFA,12758,12/03/2015,18/03/2015,"5,298","6,352",11:00:00,12:00:00,605,11:45:00,12:45:00,929
2015,Hardware and Trade Supplies,2015WH09,,,,NORTH LAKES,Moreton Bay Regional,GLFA,14030,12/03/2015,18/03/2015,"2,021","3,079",10:15:00,11:15:00,215,10:45:00,11:45:00,451
2015,Hardware and Trade Supplies,2015WH10,,,,TINGALPA,Brisbane City,GLFA,13193,27/04/2015,14/06/2015,"1,897","2,659",11:15:00,12:15:00,203,11:30:00,12:30:00,421
2015,Hardware and Trade Supplies,2015WH11,,,,HIGHLAND PARK,Gold Coast City,GLFA,14065,1/03/2015,7/03/2015,"1,958","2,498",11:00:00,12:00:00,216,10:15:00,11:15:00,362
2016,Homemaker Centre,2016HC1,,,,NORMAN GARDENS,Rockhampton Regional,GLFA,16398,3/06/2016,9/06/2016,"5,705","4,439",10:15:00,11:15:00,629,11:15:00,12:15:00,722
2016,Hospital,2016HP1,,,,NORTH MACKAY,Mackay Regional,Beds,105,2/06/2016,8/06/2016,"3,073",901,9:45:00,10:45:00,298,10:15:00,11:15:00,103
2016,Hospital,2016HP2,,,,WEST MACKAY,Mackay Regional,Beds,180,2/06/2016,8/06/2016,"6,097","2,351",7:15:00,8:15:00,589,14:15:00,15:15:00,201
2016,Hospital,2016HP3,,,,URRAWEEN,Fraser Coast Regional,Beds,104,13/04/2016,19/04/2016,"3,320","1,486",7:15:00,8:15:00,343,15:00:00,16:00:00,139
2016,Retirement Village,2016RV1,,,,HEATLEY,Townsville City,Bedrooms,133,29/02/2016,6/03/2016,493,271,11:45:00,12:45:00,54,10:45:00,11:45:00,35
2016,Retirement Village,2016RV2,,,,CONDON,Townsville City,Bedrooms,1230,1/03/2016,7/03/2016,"1,641","1,239",9:15:00,10:15:00,182,11:30:00,12:30:00,161
2016,Retirement Village,2016RV3,,,,CRANBROOK,Townsville City,Bedrooms,93,29/02/2016,6/03/2016,322,220,11:15:00,12:15:00,37,11:00:00,12:00:00,30
2016,Retirement Village,2016RV4,,,,CRANBROOK,Townsville City,Bedrooms,130,29/02/2016,6/03/2016,271,208,11:00:00,12:00:00,31,10:15:00,11:15:00,23
2016,Retirement Village,2016RV5,,,,NORTH MACKAY,Mackay Regional,Bedrooms,426,2/06/2016,8/06/2016,726,519,11:15:00,12:15:00,79,11:15:00,12:15:00,65
2016,Retirement Village,2016RV6,,,,MOUNT PLEASANT,Mackay Regional,Bedrooms,790,2/06/2016,8/06/2016,946,703,11:00:00,12:00:00,106,10:00:00,11:00:00,79
2016,Retirement Village,2016RV7,,,,BARGARA,Bundaberg Regional,Bedrooms,679,13/04/2016,19/04/2016,705,502,8:30:00,9:30:00,85,9:15:00,10:15:00,71
2016,Retirement Village,2016RV8,,,,URRAWEEN,Fraser Coast Regional,Bedrooms,625,13/04/2016,19/04/2016,706,437,9:45:00,10:45:00,86,9:45:00,10:45:00,62
2016,Retirement Village,2016RV9,,,,URRAWEEN,Fraser Coast Regional,Bedrooms,306,13/04/2016,19/04/2016,942,644,11:00:00,12:00:00,118,10:00:00,11:00:00,94
2016,Shopping Centre,2016SC1,,,,EARLVILLE,Cairns Regional,GLFA,50511,29/02/2016,6/03/2016,"17,721","14,419",11:45:00,12:45:00,"1,780",11:15:00,12:15:00,"1,960"
2016,Shopping Centre,2016SC2,,,,PIMLICO,Townsville City,GLFA,38531,29/02/2016,6/03/2016,"15,499","11,685",11:30:00,12:30:00,"1,670",11:30:00,12:30:00,"1,844"
2016,Shopping Centre,2016SC3,,,,AITKENVALE,Townsville City,GLFA,44815,29/02/2016,6/03/2016,"11,582","11,222",12:00:00,13:00:00,"1,232",11:45:00,12:45:00,"1,841"
2016,Shopping Centre,2016SC4,,,,CRANBROOK,Townsville City,GLFA,16262,29/02/2016,6/03/2016,"9,043","7,418",15:45:00,16:45:00,878,11:30:00,12:30:00,"1,222"
2016,Shopping Centre,2016SC5,,,,BERSERKER,Rockhampton Regional,GLFA,55900,3/06/2016,9/06/2016,"26,475","23,881",11:45:00,12:45:00,"2,551",11:45:00,12:45:00,"3,160"
2016,Shopping Centre,2016SC6,,,,YEPPOON,Rockhampton Regional,GLFA,16077,3/06/2016,9/06/2016,"8,460","7,789",15:15:00,16:15:00,883,11:00:00,12:00:00,"1,096"
2016,Shopping Centre,2016SC7,,,,BARGARA,Bundaberg Regional,GLFA,7674,13/04/2016,19/04/2016,"7,414","7,104",16:45:00,17:45:00,716,11:30:00,12:30:00,760
2016,Shopping Centre,2016SC8,,,,MARYBOROUGH,Fraser Coast Regional,GLFA,8086,13/04/2016,19/04/2016,"3,956","3,254",11:00:00,12:00:00,439,10:30:00,11:30:00,414
2016,Stand Alone Supermarket,2016SAS1,,,,AVOCA,Bundaberg Regional,GLFA,1766,13/04/2016,19/04/2016,"2,434","2,220",15:00:00,16:00:00,257,10:00:00,11:00:00,297
2016,Stand Alone Supermarket,2016SAS2,,,,MARYBOROUGH,Fraser Coast Regional,GLFA,1601,18/04/2016,24/04/2016,"2,186","2,059",10:45:00,11:45:00,239,10:30:00,11:30:00,300
2016,Stand Alone Supermarket,2016SAS3,,,,URRAWEEN,Fraser Coast Regional,GLFA,1605,13/04/2016,19/04/2016,"2,557","2,601",9:45:00,10:45:00,305,10:15:00,11:15:00,355
2016,Taverns and Bottle Shops,2016TB1,,,,KIRWAN,Townsville City,GLFA,4148,1/03/2016,7/03/2016,"2,936","3,594",16:30:00,17:30:00,374,15:45:00,16:45:00,413
2016,Taverns and Bottle Shops,2016TB2,,,,GARBUTT,Townsville City,GLFA,6110,29/02/2016,6/03/2016,"3,382","2,822",15:45:00,16:45:00,457,11:45:00,12:45:00,337
2016,Taverns and Bottle Shops,2016TB3,,,,ANDERGROVE,Mackay Regional,GLFA,2117,2/06/2016,8/06/2016,748,883,17:30:00,18:30:00,83,14:45:00,15:45:00,101
2016,Taverns and Bottle Shops,2016TB4,,,,ALLENSTOWN,Rockhampton Regional,GLFA,3356,3/06/2016,9/06/2016,"2,047","1,925",16:30:00,17:30:00,249,14:00:00,15:00:00,228
2016,Taverns and Bottle Shops,2016TB5,,,,BARGARA,Bundaberg Regional,GLFA,1452,13/04/2016,19/04/2016,268,308,16:00:00,17:00:00,36,15:45:00,16:45:00,50
2016,Taverns and Bottle Shops,2016TB6,,,,URRAWEEN,Fraser Coast Regional,GLFA,2464,13/04/2016,19/04/2016,"3,124","3,099",15:30:00,16:30:00,335,11:00:00,12:00:00,381
2016,Hardware and Trade Supplies,2016WH1,,,,PIALBA,Fraser Coast Regional,GLFA,11190,13/04/2016,19/04/2016,"5,085","5,188",10:45:00,11:45:00,640,10:30:00,11:30:00,807
2016,Hardware and Trade Supplies,2016WH2,,,,NORMAN GARDENS,Rockhampton Regional,GLFA,9330,3/06/2016,9/06/2016,"3,986","4,819",10:45:00,11:45:00,487,10:30:00,11:30:00,762
2017,Homemaker Centre,2017HC1,,,,Maroochydore,Sunshine Coast Regional,GLFA,32662,1/03/2017,7/03/2017,"5,099","3,750",9:45:00,10:45:00,474,11:00:00,12:00:00,498
2017,Homemaker Centre,2017HC2,,,,Maroochydore,Sunshine Coast Regional,GLFA,27127,1/03/2017,7/03/2017,"7,461","7,323",11:30:00,12:30:00,740,11:15:00,12:15:00,998
2017,Homemaker Centre,2017HC3,,,,Birtinya,Sunshine Coast Regional,GLFA,31174,1/03/2017,7/03/2017,"5,370","5,259",10:45:00,11:45:00,611,10:30:00,11:30:00,815
2017,Homemaker Centre,2017HC4,,,,BROWNS PLAINS,Logan City,GLFA,37361,13/05/2017,19/05/2017,"4,348","3,830",10:30:00,11:30:00,425,11:15:00,12:15:00,575
2017,Homemaker Centre,2017HC5,,,,ASPLEY,Brisbane City,GLFA,24235,11/03/2017,17/03/2017,"3,238","3,757",12:15:00,13:15:00,320,11:45:00,12:45:00,481
2017,Homemaker Centre,2017HC6,,,,Kearney Spring,Toowoomba Regional,GLFA,21641,11/03/2017,17/03/2017,"4,661","5,887",11:00:00,12:00:00,547,11:15:00,12:15:00,906
2017,Hotels and Motels,2017HM1,,,,HAMILTON,Brisbane City,Bedrooms,102,11/03/2017,17/03/2017,392,309,7:00:00,8:00:00,40,17:30:00,18:30:00,31
2017,Hotels and Motels,2017HM2,,,,KELVIN GROVE,Brisbane City,Bedrooms,100,13/05/2017,19/05/2017,257,268,16:30:00,17:30:00,23,18:00:00,19:00:00,27
2017,Hotels and Motels,2017HM3,,,,WOOLLOONGABBA,Brisbane City,Bedrooms,164,11/03/2017,17/03/2017,362,289,12:00:00,13:00:00,38,13:00:00,14:00:00,27
2017,Hotels and Motels,2017HM4,,,,MAIN BEACH,Gold Coast City,Bedrooms,266,13/05/2017,19/05/2017,690,"1,007",9:15:00,10:15:00,54,14:30:00,15:30:00,101
2017,Hotels and Motels,2017HM5,,,,SURFERS PARADISE,Gold Coast City,Bedrooms,271,13/05/2017,19/05/2017,570,607,8:45:00,9:45:00,43,13:45:00,14:45:00,48
2017,Hotels and Motels,2017HM6,,,,CHERMSIDE,Brisbane City,Bedrooms,81,11/03/2017,17/03/2017,211,172,16:30:00,17:30:00,20,8:15:00,9:15:00,15
2017,Hospital,2017HP1,,,,COOPERS PLAINS,Brisbane City,Beds,181,11/03/2017,17/03/2017,"5,280","2,208",6:45:00,7:45:00,507,14:45:00,15:45:00,199
2017,Hospital,2017HP2,,,,MEADOWBROOK,Logan City,Beds,330,13/05/2017,19/05/2017,"7,103","4,032",13:30:00,14:30:00,670,13:45:00,14:45:00,411
2017,High Rise Residential,2017HR1,,,,KANGAROO POINT,Brisbane City,Bedrooms,148,1/03/2017,7/03/2017,146,149,17:45:00,18:45:00,20,12:00:00,13:00:00,20
2017,High Rise Residential,2017HR2,,,,KANGAROO POINT,Brisbane City,Bedrooms,118,1/03/2017,7/03/2017,194,205,18:00:00,19:00:00,18,14:15:00,15:15:00,20
2017,High Rise Residential,2017HR3,,,,KANGAROO POINT,Brisbane City,Bedrooms,200,1/03/2017,7/03/2017,325,320,17:00:00,18:00:00,32,14:15:00,15:15:00,32
2017,High Rise Residential,2017HR4,,,,EAGLE FARM,Brisbane City,Bedrooms,263,8/03/2017,14/03/2017,407,353,7:30:00,8:30:00,46,9:00:00,10:00:00,33
2017,High Rise Residential,2017HR5,,,,WOOLLOONGABBA,Brisbane City,Bedrooms,107,11/03/2017,17/03/2017,350,286,17:00:00,18:00:00,31,16:45:00,17:45:00,27
2017,Office Park,2017OFF1,,,,EIGHT MILE PLAINS,Brisbane City,GLFA,18500,13/05/2017,19/05/2017,"1,683",134,7:45:00,8:45:00,268,7:30:00,8:30:00,20
2017,Office Park,2017OFF2,,,,EIGHT MILE PLAINS,Brisbane City,GLFA,15000,11/03/2017,17/03/2017,"1,720",149,8:00:00,9:00:00,308,8:15:00,9:15:00,19
2017,Office Park,2017OFF3,,,,MURARRIE,Brisbane City,GLFA,10000,1/03/2017,7/03/2017,"1,156",35,8:00:00,9:00:00,166,13:15:00,14:15:00,8
2017,Office Park,2017OFF4,,,,MILTON,Brisbane City,GLFA,20772,1/03/2017,7/03/2017,800,105,8:00:00,9:00:00,93,7:45:00,8:45:00,14
2017,Office Park,2017OFF5,,,,EIGHT MILE PLAINS,Brisbane City,GLFA,15200,1/03/2017,7/03/2017,"1,360",44,7:45:00,8:45:00,225,10:30:00,11:30:00,8
2017,Retirement Village,2017RV1,,,,KEARNEYS SPRING,Toowoomba Regional,Bedrooms,320,20/03/2017,26/03/2017,336,256,11:30:00,12:30:00,39,9:15:00,10:15:00,36
2017,Retirement Village,2017RV2,,,,CRANLEY,Toowoomba Regional,Bedrooms,442,20/03/2017,26/03/2017,710,534,10:30:00,11:30:00,83,9:00:00,10:00:00,66
2017,Retirement Village,2017RV3,,,,HARRISTOWN,Toowoomba Regional,Bedrooms,640,20/03/2017,26/03/2017,760,576,9:15:00,10:15:00,99,10:45:00,11:45:00,86
2017,Retirement Village,2017RV4,,,,KEARNEYS SPRING,Toowoomba Regional,Bedrooms,354,20/03/2017,26/03/2017,319,213,9:00:00,10:00:00,40,13:30:00,14:30:00,27
2017,Stand Alone Supermarket,2017SAS1,,,,KEARNEYS SPRING,Toowoomba Regional,GLFA,1630,20/03/2017,26/03/2017,"1,997","2,164",10:15:00,11:15:00,170,11:00:00,12:00:00,291
2017,Stand Alone Supermarket,2017SAS2,,,,HARLAXTON,Toowoomba Regional,GLFA,1735,20/03/2017,26/03/2017,"1,748","1,737",11:00:00,12:00:00,197,11:45:00,12:45:00,244
2017,Shopping Centre,2017SC1,,,,KEARNEYS SPRING,Toowoomba Regional,GLFA,13170,11/03/2017,17/03/2017,"12,233","10,926",15:30:00,16:30:00,"1,144",10:45:00,11:45:00,"1,446"
2017,Shopping Centre,2017SC2,,,,ROBINA,Gold Coast City,GLFA,136045,13/05/2017,19/05/2017,"46,726","52,140",12:00:00,13:00:00,"4,268",11:30:00,12:30:00,"6,301"
2017,Shopping Centre,2017SC3,,,,UPPER MOUNT GRAVATT,Brisbane City,GLFA,142835,1/03/2017,7/03/2017,"39,189","43,898",12:00:00,13:00:00,"3,567",12:00:00,13:00:00,"5,192"
2017,Shopping Centre,2017SC4,,,,CHERMSIDE,Brisbane City,GLFA,150733,4/06/2017,10/06/2017,"40,569","42,297",11:45:00,12:45:00,"3,698",12:45:00,13:45:00,"4,927"
2017,Hardware and Trade Supplies,2017WH1,,,,HARRISTOWN,Toowoomba Regional,GLFA,14598,20/03/2017,26/03/2017,"4,730","6,198",10:45:00,11:45:00,535,10:45:00,11:45:00,930
2017,Hardware and Trade Supplies,2017WH2,,,,BROWNS PLAINS,Logan City,GLFA,12704,13/05/2017,19/05/2017,"5,200","6,272",11:15:00,12:15:00,580,11:15:00,12:15:00,890
